id,type,text1,text2,text3,notes
planet_nachiketa,CUSTOM,"This world was selected by Domain bureaucrats as a site for one of the Sector's AM fuel production facilities due to having no outstanding value apart from existing on a convenient axis of expansion into what would become the Core Worlds, post-Collapse. Industry and port facilities followed the fuel facility's boost to starship traffic, growing like barnacles from the massive armoured and half-buried fuel plant. A major confrontation during the First AI War saw these surrounding port facilities devastated due to a tactical purge of AM reserves; the Hegemony secured victory, but crippled the industry and infrastructure of Nachiketa.",,,
planet_ceyx,CUSTOM,"A captured dwarf planet which holds the largest concentration of military facilities in the Cathedral Nebula. The Knights have appropriated and extended vast subsurface ship facilities, armories, barracks, and all the training, administration, and housing facilities one would expect of the home of the Luddic Armada. The administration of Ceyx and Hesperus is shared in the office of a single Presbyter Orbis.",,,
,,,,,
blackCompany,FACTION,"Elite and few in number, the Black Company was founded by ex-Hegemony officers long ago. Though mercenaries, they mostly work for clients in the Hegemony, sometimes including the Navy itself.",,,
daredevils,FACTION,"Daredevils mercenaries love it when the stakes are high. The greater the risks, the greater the glory. They rose to prominence during the Second AI War and are known for fielding hulls with advanced modifications.",,,
dynasty,FACTION,"The Kanta Dynasty is split into families, each led by a matriarch descended from and answering to Kanta herself. They take pride in doing jobs that other mercenaries won't touch.",,,
koCombine,FACTION,gsdgdsg,,,
