id,faction,weight,prompt,option,transfer,topicBack,return
heg_lonelyOfficer,hegemony,10,An Armada officer sits at a table in the middle of the room.,Approach the Hegemony officer,"The officer looks you up and down, then stands and takes you to one of the back rooms.

Two marines in full kit stand along one of the walls, not visible from outside. $Rank $name sits at a table.

""Please, have a seat,"" $heShe says.","""Is there anything else you would like to discuss?""",You return to the bar.
,,,,,,,
tt_circlingSuits,tritachyon,10,There's someone in a blue suit with a strange device at a back table. Probably TriTachyon,Speak with the TriTachyon shark,"When you approach the table, you can hear the device humming loudly. A step closer and it's the only thing you can hear, though the rest of the bar continues as normal.

""Speak freely,"" $Rank $name says.",$Rank $lastName waves for you to continue.,The sounds of the bar return as you walk away.
,,,,,,,
persean_leagueOfficer,persean,10,A Persean League officer stands by the bar at parade rest.,See what the League officer is up to,"The officer takes you to one of the back rooms. Inside, an elite, Academy-trained marine stands along one of the walls. $Rank $name stands up from a table when you enter.

""Come in. Have a seat if you like,"" $heShe says.","""What else?"" $Rank $lastName asks.",You return to the bar.
,,,,,,,
diktat_standingInvite,sindrian_diktat,10,There's a standing invitation on your TriPad from a member of the local Lion Club to meet here.,Meet with the Diktat agent,"You sit at the indicated booth and a few moments later $Rank $name appears across from you.

""What would you like to discuss?"" $heShe says.","""What else?"" asks $Rank $lastName.","You get up and step away. By the time you glance back, $heShe is gone."
,,,,,,,
church_waitingMonk,luddic_church,10,A monk sits at an empty table.,Speak to the Luddic monk,"The monk bows and leads you to one of the back rooms. $Rank $name stands at a window, looking out. $HeShe turns to face you when you enter.","""Continue,"" says $Rank $lastName.",You return to the bar.
,,,,,,,
path_staringPather,luddic_path,10,A Pather by one of the back rooms is staring you down.,Confront the Pather,"When you approach, the Pather opens the door to the back room and gestures for you to enter. Inside the shabby room, you find $Rank $name hunched over a table.",$Rank $lastName gestures for you to continue.,You return to the bar.
,,,,,,,
blackCompany_drinkingMercs,blackCompany,10,Several disciplined mercs sit at one of the tables.,Buy the Black Company mercenaries a round of drinks,"The mercenaries welcome the drinks. One of them is $Rank $name.

""You're here for business, I assume?"" $heShe says.",$Rank $lastName gestures for you to continue.,You leave the mercs to their drinking.
,,,,,,,
daredevils_drinkingMercs,daredevils,10,A gang of rowdy mercenaries are buying each other increasingly unlikely drinks.,Join the Daredevils' drinking game,"After upping the ante a couple times, $Rank $name pulls you away to talk.",$Rank $lastName seems perpetually impatient.,You leave $Rank $lastName to $hisHer drinks.
,,,,,,,
kantaDynasty_broodNight,kantasBrood,10,About half the tables are taken up by sketchy types that all look similar. An older woman sits near the center of them.,Have a talk with the Dynasty matriarch,"The brood surrounding $Rank $name watches you suspiciously, but doesn't stop you from approaching. $HeShe waits for you to speak.",$Rank $lastName waits for you to continue.,You leave.
,,,,,,,
ko_circlingSuits,koCombine,10,A Free Star dealer is sitting at a back table.,See what brings the Ko Combine to these parts,"$Rank $name flashes a salesman's smile and says, ""Have a seat, let's do business.""",$Rank $name waves for you to continue.,You get up and walk away.
