{
  "id":"starportPerseus_alpha",
  "name":"Starport Perseus",
  "author":"SafariJohn",
  "version":"ALPHA 001",
  "description":"Redesigns market and faction mechanics to better fit Starsector's themes.",
  "totalConversion":"true",
  "gameVersion":"0.9.1a",
  "jars":["jars/StarportPerseus.jar"],
  "modPlugin":"scripts.SPP_ModPlugin",
  "replace":[
    "com.fs.starfarer.api.impl.campaign.procgen.SectorProcGen",
	"data/campaign/industries.csv",
	"data/campaign/rules.csv",
	"data/campaign/starmap.json", # Bugged by economy. Fixed in mod plugin.
	"data/campaign/procgen/condition_gen_data.csv",
	"data/campaign/procgen/planet_gen_data.csv",
	"data/characters/skills/colony_management.skill",
	"data/characters/skills/planetary_operations.skill",
	"data/scripts/world/SectorGen.java",
	# replacing almost all systems
	"data/scripts/world/corvus/Corvus.java",
	"data/scripts/world/systems/AlGebbar.java",
	"data/scripts/world/systems/Arcadia.java",
	"data/scripts/world/systems/Askonia.java",
	"data/scripts/world/systems/Aztlan.java",
	"data/scripts/world/systems/Canaan.java",
	"data/scripts/world/systems/Eos.java",
	"data/scripts/world/systems/Galatia.java",
	"data/scripts/world/systems/Hybrasil.java",
	"data/scripts/world/systems/Isirah.java",
	"data/scripts/world/systems/KumariKandam.java",
	"data/scripts/world/systems/Naraka.java",
	"data/scripts/world/systems/Magec.java",
	"data/scripts/world/systems/Mayasura.java",
	"data/scripts/world/systems/Penelope.java",
	"data/scripts/world/systems/Thule.java",
	"data/scripts/world/systems/Tyle.java",
	"data/scripts/world/systems/Valhalla.java",
	"data/scripts/world/systems/Westernesse.java",
	"data/scripts/world/systems/Yma.java",
	"data/scripts/world/systems/Zagan.java",
	# Have to replace all the econ jsons.
	"data/campaign/econ/algebbar.json",
	"data/campaign/econ/arcadia.json",
	"data/campaign/econ/askonia.json",
	"data/campaign/econ/aztlan.json",
	"data/campaign/econ/canaan.json",
	"data/campaign/econ/corvus.json",
	"data/campaign/econ/eos.json",
	"data/campaign/econ/hybrasil.json",
	"data/campaign/econ/isirah.json",
	"data/campaign/econ/kumarikandam.json",
	"data/campaign/econ/magec.json",
	"data/campaign/econ/mayasura.json",
	"data/campaign/econ/naraka.json",
	"data/campaign/econ/samarra.json",
	"data/campaign/econ/thule.json",
	"data/campaign/econ/tyle.json",
	"data/campaign/econ/valhalla.json",
	"data/campaign/econ/westernesse.json",
	"data/campaign/econ/yma.json",
	"data/campaign/econ/zagan.json"
  ]
}
