id,faction,weight,prompt,option,desc,payOption,cost
heg_orphanage,hegemony,10,An ad-holo displays a loop of pitiful-looking orphans.,"Consider ""donating""",The Hegemony Orphanages Association. A fast track for war orphans to follow their parents into the Armada.,Donate $cost credits,10000
,,,,,,,
tt_bribe,tritachyon,10,A strategically placed card with a Tri-Credit Anonymous� account number lays before you.,Consider a bribe,"Money makes the Sector go round, and a small bribe now could pay off later.",Transfer $cost credits,10000
tt_bribe_large,tritachyon,10,A strategically placed card with a Tri-Credit Anonymous� account number lays before you.,Consider a bribe,"Money makes the Sector go round, and a small bribe now could pay off later.",Transfer $cost credits,25000
