id,name,cost mult,build time,income,upkeep,downgrade,upgrade,tags,data,image,plugin,desc,order
,,,,,,,,,,,,,
population,Spaceport,,,10,,,,"population, unraidable, SPP_spaceport, spaceport",,graphics/icons/industry/spaceport.png,campaign.econ.industries.SPP_Spaceport,Entrenched facilities for loading and unloading cargo and performing starship repairs.,100
spaceport,Population,,,,,,,"farming, mining",,graphics/icons/industry/population.png,campaign.econ.industries.SPP_LocalEconomy,This port has neither primary extraction industries nor permanent population.,101
,,,,,,,,,,,,,
station_base,Defense Station,,,,,,,"station, parent_item, important, structure",station,graphics/icons/industry/station_category.png,campaign.econ.industries.SPP_OrbitalStation,"A large space station that is capable of supporting friendly fleets near $market and must be reduced before invasions or bombardment can be attempted.

Several variations are available, with differences generally being in tactical approaches rather than overall strength.",2000
orbitalstation,Defense Station - Low Tech,50,90,,3,,battlestation,"station, sub_item, unraidable, structure","{
radius:55,
variant:station1_Standard,
fleetName:Orbital Station,
}",graphics/icons/industry/orbital_station.png,campaign.econ.industries.SPP_OrbitalStation,"A low-tech space station, featuring heavy armor and medium firepower.

Must be reduced before invasions or bombardment can be attempted.",2010
battlestation,Battlestation - Low Tech,100,120,,4,orbitalstation,starfortress,"station, battlestation, unraidable, structure","{
radius:65,
variant:station2_Standard,
fleetName:Battlestation,
}",graphics/icons/industry/battlestation.png,campaign.econ.industries.SPP_OrbitalStation,"A low-tech defense station, augmented with a heavy bastion and point-defense citadels.

Must be reduced before invasions or bombardment can be attempted.",2020
starfortress,Star Fortress - Low Tech,100,180,,5,battlestation,,"station, starfortress, unraidable, structure","{
radius:70,
variant:station3_Standard,
fleetName:Star Fortress
}",graphics/icons/industry/battlestation.png,campaign.econ.industries.SPP_OrbitalStation,"An up-armored low-tech battlestation, featuring Merlon-class defense drones and an extensive minefield.

Must be reduced before invasions or bombardment can be attempted.",2030
orbitalstation_mid,Defense Station - Midline,50,90,,3,,battlestation_mid,"station, sub_item, unraidable, structure","{
radius:55,
variant:station1_midline_Standard,
fleetName:Orbital Station,
}",graphics/icons/industry/orbital_station.png,campaign.econ.industries.SPP_OrbitalStation,"A midline space station, featuring heavy firepower on one side and rapid axial rotation.

Must be reduced before invasions or bombardment can be attempted.",2040
battlestation_mid,Battlestation - Midline,100,120,,4,orbitalstation_mid,starfortress_mid,"station, battlestation, unraidable, structure","{
radius:65,
variant:station2_midline_Standard,
fleetName:Battlestation,
}",graphics/icons/industry/battlestation.png,campaign.econ.industries.SPP_OrbitalStation,"A midline defense station, augmented with missile support modules.

Must be reduced before invasions or bombardment can be attempted.",2050
starfortress_mid,Star Fortress - Midline,100,180,,5,battlestation_mid,,"station, starfortress, unraidable, structure","{
radius:70,
variant:station3_midline_Standard,
fleetName:Star Fortress
}",graphics/icons/industry/battlestation.png,campaign.econ.industries.SPP_OrbitalStation,"An up-armored midline battlestation, featuring Ravelin-class defense drones and an extensive minefield.

Must be reduced before invasions or bombardment can be attempted.",2060
orbitalstation_high,Defense Station - High Tech,50,90,,3,,battlestation_high,"station, sub_item, unraidable, structure","{
radius:55,
variant:station1_hightech_Standard,
fleetName:Orbital Station,
}",graphics/icons/industry/orbital_station.png,campaign.econ.industries.SPP_OrbitalStation,"A high-tech space station, featuring heavy rotating shields, a fighter complement, and medium firepower.

Must be reduced before invasions or bombardment can be attempted.",2070
battlestation_high,Battlestation - High Tech,100,120,,4,orbitalstation_high,starfortress_high,"station, battlestation, unraidable, structure","{
radius:65,
variant:station2_hightech_Standard,
fleetName:Battlestation,
}",graphics/icons/industry/battlestation.png,campaign.econ.industries.SPP_OrbitalStation,"A high-tech defense station, augmented with a defensive citadel featuring heavy firepower.

Must be reduced before invasions or bombardment can be attempted.",2080
starfortress_high,Star Fortress - High Tech,100,180,,5,battlestation_high,,"station, starfortress, unraidable, structure","{
radius:70,
variant:station3_hightech_Standard,
fleetName:Star Fortress
}",graphics/icons/industry/battlestation.png,campaign.econ.industries.SPP_OrbitalStation,"An up-armored high-tech battlestation, featuring Gargoyle-class defense drones and long-range targeted mine teleporters.

Must be reduced before invasions or bombardment can be attempted.",2090
,,,,,,,,,,,,,
grounddefenses,Ground Defenses,30,60,,2,,heavybatteries,"grounddefenses, unraidable, tactical_bombardment, structure",,graphics/icons/industry/ground_defenses.png,campaign.econ.industries.SPP_GroundDefenses,"A dispersed, semi-autonomous network of small, hidden weapon installations which makes the prospect of a direct ground assault and even simple raids extremely costly to the attacker. Only overwhelming orbital bombardment or massively disproportionate active screening can supress these defenses.  ",2200
heavybatteries,Heavy Batteries,60,90,,3,grounddefenses,,"grounddefenses, unraidable, tactical_bombardment, structure",,graphics/icons/industry/heavy_batteries.png,campaign.econ.industries.SPP_GroundDefenses,"Armoured subsurface batteries supplement a dispersed network of small, hidden weapon installations. Ground-based batteries are capable of truly awesome firepower, though it only manifests by making ground operations more difficult, as no starship captain would be foolish enough to get within their firing envelopes.",2300
,,,,,,,,,,,,,
SPP_crawlers,Crawler Port,20,45,,5,,,"structure, industrial",,graphics/icons/industry/SPP_crawlers.png,campaign.econ.industries.resourceBuildings.SPP_Crawlers,"Mining and drilling rigs roam $market, harvesting profitable, or merely convenient, deposits of ore, transplutonics, and organics.",400
SPP_siphonPlatform,Ouyang Siphon,30,45,,5,,,"structure, industrial",,graphics/icons/industry/SPP_ouyangSiphon.png,campaign.econ.industries.resourceBuildings.SPP_SiphonPlatform,"A common gas-giant ""mine"" which siphons gases using the Ouyang Process which, although energy-hungry, becomes self-sustaining once a steady pull of heavy isotopes is attained.",400
SPP_hydroponics,Hydroponics,30,45,,5,,,"farming, structure, urban",,graphics/icons/industry/SPP_hydroponics.png,campaign.econ.industries.resourceBuildings.SPP_Hydroponics,"Growing plants without soil, while costly to scale up, allows food to be produced anywhere.",400
SPP_mimirSiphon,Mimir Siphon,90,60,,6,,,"structure, industrial",,graphics/icons/industry/SPP_mimirSiphon.png,campaign.econ.industries.resourceBuildings.SPP_SiphonPlatform,A siphon platform with special modifications by TriTachyon. Its output is unrivalled.,400
techmining,Tech-Mining,30,45,,5,,,"techmining, structure, industrial, popInd",,graphics/icons/industry/techmining.png,campaign.econ.industries.SPP_TechMining,"Techmining is the motley art of recovering valuable artifacts from Domain ruins. Requires special tools to deal with unique hazards and expert judgement to know where to look for a good haul of baubles. The oldest techminers are a strange lot, clutching luck-charms and refusing to work without their rituals.",400
,,,,,,,,,,,,,
cryorevival,Cryorevival Facility,90,90,,5,,,"cryorevival, structure",,graphics/icons/industry/cryorevival.png,campaign.econ.industries.SPP_Cryorevival,The necessary facilities for the mass revival and assimilation of the passengers of a Domain-era cryosleeper or residents of a cryovault. Greatly increases population growth.,3200
,,,,,,,,,,,,,
lightindustry,Light Industry,50,90,,8,,,"rural, industry, popInd",,graphics/icons/industry/light_industry.png,campaign.econ.industries.SPP_LightIndustry,Produces supplies and domestic and luxury goods. One of the few industries relatively unaffected by the Collapse due to its low-tech nature.,1400
SPP_heavyIndustry,Heavy Industry,80,120,,12,,,"industrial, industry, popInd",,graphics/icons/industry/heavy_industry.png,campaign.econ.industries.SPP_HeavyIndustry,Centralized industrial infrastructure for production of heavy industrial equipment and weapons.,1600
refining,Refining,40,90,,3,,,"industry, industrial, popInd",,graphics/icons/industry/refining.png,campaign.econ.industries.SPP_Refining,"Smelting plants here convert ores and transplutonic ores into metals and transplutonics, respectively. Teleoperated robotics are used to handle the most dangerous tasks, usually.",500
heavyindustry,Shipyard,120,120,,12,,,"heavyindustry, important, uses_blueprints, industrial, industry, popInd, notable",,graphics/icons/industry/orbital_works.png,campaign.econ.industries.SPP_Shipyard,A full-scale shipyard capable of producing starships and the supplies to maintain them; a nanoforge can be installed to improve production quality.,1600
fuelprod,Fuel Production,200,90,,10,,SPP_advFuelProd,"fuelprod, industrial, industry, popInd",,graphics/icons/industry/fuel_production.png,campaign.econ.industries.SPP_FuelProduction,"This facility produces starship fuel, the life-blood of interstellar civilization. Lacking Domain-tech components, fuel production is a laborious and slow process.",1800
SPP_advFuelProd,Domain-tech Fuel Production,300,120,,10,,,"fuelprod, industrial, industry, popInd",,graphics/icons/industry/advanced_fuel_production.png,campaign.econ.industries.SPP_FuelProduction,"This Domain-tech facility produces starship fuel, the life-blood of interstellar civilization.",1801
commerce,Merchant Marine,90,90,,3,,,"trade, industry, urban, popInd",,graphics/icons/industry/SPP_merchantMarine.png,campaign.econ.industries.SPP_TradeStation,"Government licensing, and with it government subsidies, increases the number of trade ships travelling to and from this port.",1950
SPP_raiderBase,Raider Camp,100,60,,8,,SPP_raiderFortress,"raider, unraidable, tactical_bombardment, industry, notable",,graphics/icons/industry/SPP_raiderCamp.png,campaign.econ.industries.SPP_RaiderBase,"Filled with loot and excesses, perhaps concealed beneath a orderly facade, this camp is where raiders gather to recuperate and repair their ships.",2400
SPP_mercenaryBase,Mercenary Base,100,60,,8,,SPP_corporateHQ,"mercenary, unraidable, tactical_bombardment, industry, notable",,graphics/icons/industry/SPP_mercBase.png,campaign.econ.industries.SPP_MercenaryBase,"For-hire military-grade ship facilities. Most of the mercenaries operating from here work for the port authority, but there's always freelancers drifting through.",2400
SPP_auxilliaryDepot,Auxiliaries Depot,100,60,,8,,,"mercenary, unraidable, tactical_bombardment, industry, notable",,graphics/icons/industry/SPP_auxDepot.png,campaign.econ.industries.factionBuildings.SPP_AuxiliariesDepot,"A staging point for the Hegemony Auxiliaries. Many merchantmen and privately-owned warships are on the auxiliary list, to be pressed into service during emergencies.",2400
SPP_colonyProgram,Colony Program,50,60,,3,,,"urban, industry, popInd",,graphics/icons/industry/SPP_colonyProgram.png,campaign.econ.industries.SPP_ColonyProgram,"An organized effort to increase the port's population through subsidies, loans, and other incentives. Cottage industry keeps idle hands busy until they can find steady work.",1950
SPP_frontCompany,Smuggling Network,90,90,,3,,,"smuggle, urban, industry, popInd",,graphics/icons/industry/SPP_smugglingNetwork.png,campaign.econ.industries.SPP_SmugglingNetwork,"Organized smuggling flourishes here, tacitly funded by the local government, increasing interstellar trade.",1950
SPP_militantCamp,Militant Camp,100,90,,3,,,"military, industry",,graphics/icons/industry/SPP_luddicCongregation.png,campaign.econ.industries.SPP_MilitantCamp,"Funding the Luddic Path has its benefits, namely diverting their interest to other ports. Training fanatical terrorists in the backyard can have consequences, though.",1950
SPP_boneyard,Boneyard,60,90,,3,,,"military, industry, popInd, notable",,graphics/icons/industry/SPP_boneyard2.png,campaign.econ.industries.SPP_Boneyard,"Workers swarm the derelicts here, welders and cutters flashing as they cannibalize some ships to restore others. There are always more hulks arriving, consigned here by the navies of major factions and other clients.",1950
SPP_shipbreakers,Shipbreakers,30,45,,5,,,"industry, industrial, popInd",,graphics/icons/industry/SPP_shipbreaking.png,campaign.econ.industries.SPP_Shipbreaking,"A center of shipbreaking in the Sector, hulks are consigned to scrapping here by the navies of major factions and many other clients.",2550
,,,,,,,,,,,,,
SPP_commandBase,High Command,,,,,,,"parent_item, important, industry, notable",commandBase,graphics/icons/industry/SPP_command.png,campaign.econ.industries.SPP_CommandBase,"A powerful logistical center that benefits every port in your faction. Build one when you are ready to step onto the Sector-wide stage.

There are several types available, with different advantages.",2500
militarybase,Military Base,300,120,,10,,,"military, important, unraidable, tactical_bombardment, industry, commandBase, sub_item, popInd, notable",,graphics/icons/industry/military_base.png,campaign.econ.industries.SPP_MilitaryBase,"These facilities enable force projection between star systems. Any such military undertaking is a massive logistical operation requiring coordination of dozens, perhaps hundreds of star ships and thousands of officers, crew, and soldiers.",2500
SPP_corporateHQ_cb,Corporate Citadel,300,120,,10,,,"mercenary, important, unraidable, tactical_bombardment, industry, commandBase, sub_item, popInd, notable",,graphics/icons/industry/SPP_corporateHQ.png,campaign.econ.industries.SPP_CorporateHQ,"The nerve center of a commercial empire, coordinating the transport of goods across the entire Sector. An army of mercenaries takes care of other matters.",2500
SPP_corporateHQ,Corporate Citadel,200,120,,10,SPP_mercenaryBase,,"mercenary, important, unraidable, tactical_bombardment, industry, commandBase, popInd, notable",,graphics/icons/industry/SPP_corporateHQ.png,campaign.econ.industries.SPP_CorporateHQ,"The nerve center of a commercial empire, coordinating the transport of goods across the entire Sector. An army of mercenaries takes care of other matters.",2500
SPP_raiderFortress_cb,Raider Fortress,300,120,,10,,,"raider, important, unraidable, tactical_bombardment, industry, commandBase, sub_item, popInd, notable",,graphics/icons/industry/SPP_raiderFortress.png,campaign.econ.industries.SPP_RaiderFortress,"A monument to the decline of the Sector, this fortress is home to all the unsavory sorts, from raiders to smugglers to mercenaries.",2500
SPP_raiderFortress,Raider Fortress,200,120,,10,SPP_raiderBase,,"raider, important, unraidable, tactical_bombardment, industry, commandBase, popInd, notable",,graphics/icons/industry/SPP_raiderFortress.png,campaign.econ.industries.SPP_RaiderFortress,"A monument to the decline of the Sector, this fortress is home to all the unsavory sorts, from raiders to smugglers to mercenaries.",2500
,,,,,,,,,,,,,
planetaryshield,Planetary Shield,150,90,,3,,,"grounddefenses, structure",,graphics/icons/industry/planetary_shield.png,campaign.econ.industries.SPP_PlanetaryShield,An envelope of charged plasma seeded with exotic virtual particles producing effects which disrupt the combat effectiveness of long-range bombardment and even incursion by small vessels. The planetary shield can be continually charged and controlled by a central source and presents a formidable obstacle to any form of ground assault.,2700
cryosanctum,Cryosanctum,120,90,,5,,,"cryosanctum, industry",,graphics/icons/industry/cryosanctum.png,campaign.econ.industries.SPP_Cryosanctum,"An enormous tomb-like vault built to store those who choose to risk cryosleep to pass this time of troubles to wake in what will presumably be a more civilized age. The cryopods themselves are insignificant in size compared to the many-times redundant support infrastructure, massive automated security systems and anti-ship batteries, all housed in a branching subsurface fortress-labyrinth.",3000
SPP_conspicuousConsumptionism,Conspicuous Consumptionism,-100,90,,5,,,"cryosanctum, industry",,graphics/icons/industry/SPP_consumption.png,campaign.econ.industries.SPP_ConspicuousConsumptionism,"A river of luxuries flows into $market, lest the spoiled population find something to think of other than endless parties.",3000
,,,,,,,,,,,,,
,,,,,,,,,,,,,
lionsguard,Lion's Guard HQ,500,120,,6,,,"military, important, unraidable, tactical_bombardment, commandBase, industry, popInd, notable",,graphics/icons/industry/lions_guard.png,campaign.econ.industries.factionBuildings.SPP_LionsGuardHQ,"Headquarters of the feared personal guard of Phillip ""The Lion of Sindria"" Andrada. Boasting superb training and access to the best equipment credits can buy, the fanatical loyalty of the Guard is maintained through a system of perks and incentives that both elevate and isolate the Guard from the Diktat's regular military.",2500
SPP_academy,Academy,500,120,,6,,,"military, important, unraidable, tactical_bombardment, commandBase, industry, popInd, notable",,graphics/icons/industry/high_command.png,campaign.econ.industries.factionBuildings.SPP_Academy,"The Kazeron Naval Academy, the finest officer school in the Sector. Some say its board of directors rule Kazeron, and by extension, the entire League. Graduates of the Academy are well-drilled in the cult of the offensive and equipped with the best ships to execute it.",2500
SPP_strategicModeler,Strategic Modeler,500,120,,6,,,"military, important, unraidable, tactical_bombardment, commandBase, industry, popInd, notable",,graphics/icons/industry/SPP_strategicModeler.png,campaign.econ.industries.factionBuildings.SPP_StrategicModeler,"Beneath the deepest mines, where no Hegemony inspector has set foot, is the Tri-Tachyon Strategic Modeler (TSM). Rumored to be an alpha+ AI core, the TSM ever schemes and plots to advance the goals of its technocratic masters.",2500
