name,id,planetary,decivRemove,script,desc,icon,order
Free Port,free_market,,TRUE,campaign.econ.SPP_FreeMarket,"The local port authority imposes almost no regulation on what cargo is traded. Immigration controls are likewise relaxed, resulting in a greater in-flow of people, albeit sometimes of a more questionable character. This may cause other factions to view this colony with distrust.",graphics/icons/markets/free_port.png,141
Pirate Activity,pirate_activity,,TRUE,campaign.intel.bases.SPP_PirateActivity,"There have been signs that pirates are targeting shipping and ports in this system - from port inspectors being pressured to turn a blind eye, to inconsistencies in cargo manifests, to other increased criminal activity.

The pirates most likely have a base somewhere relatively nearby.",graphics/icons/markets/pirate_activity.png,1300
Luddic Path Cells,pather_cells,,TRUE,campaign.intel.bases.SPP_LuddicPathCells,,graphics/icons/markets/pather_cells.png,1400
Large Refugee Population,large_refugee_population,,TRUE,com.fs.starfarer.api.impl.campaign.econ.LargeRefugeePopulation,"Desperate refugees fleeing some disaster have ended up here. Refugees live at the bottom of society with little opportunity for betterment, straining domestic infrastructure living in tense semi-legal status.",graphics/icons/markets/refugee_population.png,140
Abandoned Station,SPP_abandonedStation,,,campaign.econ.SPP_OrbitalTempBlockCondition,$market is orbited by an abandoned station.,graphics/icons/markets/abandoned.png,130
,,,,,,,
,,,,,,,
Decivilized,decivilized,,,com.fs.starfarer.api.impl.campaign.econ.Decivilized,"There is no stable ruling polity here. Civilization is collapsed and current population is effectively unknown, though groups of survivors, bandits, and looters can be detected.",graphics/icons/markets/decivilized.png,130
Decivilized,spp_decivilized,,,campaign.econ.SPP_Decivilized,"There is no stable ruling polity here. Civilization is collapsed and current population is effectively unknown, though groups of survivors, bandits, and looters can be detected.",graphics/icons/markets/decivilized.png,130
Decivilized Subpopulation,decivilized_subpop,,TRUE,campaign.econ.SPP_DecivilizedSubpop,"Civilization has been brough back to parts of $market, often at the point of a gauss rifle. However, an effectively unknown population of survivors, bandits, and looters still remains on the fringes.",graphics/icons/markets/decivilized.png,130
Primitives,SPP_primitives,,,campaign.econ.SPP_Primitives,"The pastoral population of $market can be organized into a large, if inefficient, workforce.",graphics/icons/markets/arid_world.png,130
Nation-States,SPP_nationStates,,,campaign.econ.SPP_NationStates,"Several industrialized governments vye for control of $market. While eager for interstellar trade, they resent outside domination.",graphics/icons/markets/organized_crime.png,130
Xenophobes,SPP_xenophobes,,,campaign.econ.SPP_NativePopCondition,The population of $market is hostile to outsiders. They resist any and all occupation.,graphics/icons/markets/outpost.png,130
One World Order,SPP_worldOrder,,,campaign.econ.SPP_NativePopCondition,$bothMarkets $isAre controlled by a xenophobic planetary government possessing Domain-tech ground defenses.,graphics/icons/markets/capital.png,130
Moon Port,SPP_moonPort,,,campaign.econ.SPP_NativePopCondition,The port on $market controls $bothMarkets.,graphics/icons/markets/frontier.png,130
,,,,,,,
Population 0,SPP_population_0,,,campaign.econ.SPP_Population,$market is devoid of permanent human habitation.,graphics/icons/markets/population00.png,20
Population 1,population_1,,,campaign.econ.SPP_Population,Only tens of people live on $market permanently.,graphics/icons/markets/population01.png,20
Population 2,population_2,,,campaign.econ.SPP_Population,Mere hundreds of people populate $market.,graphics/icons/markets/population02.png,20
Population 3,population_3,,,campaign.econ.SPP_Population,Thousands of people call $market home.,graphics/icons/markets/population03.png,20
Population 4,population_4,,,campaign.econ.SPP_Population,Tens of thousands of people live on $market.,graphics/icons/markets/population04.png,20
Population 5,population_5,,,campaign.econ.SPP_Population,$market is home to hundreds of thousands of people.,graphics/icons/markets/population05.png,20
Population 6,population_6,,,campaign.econ.SPP_Population,The population of $market is in the millions.,graphics/icons/markets/population06.png,20
Population 7,population_7,,,campaign.econ.SPP_Population,$market is a world of tens of millions.,graphics/icons/markets/population07.png,20
Population 8,population_8,,,campaign.econ.SPP_Population,$market is one of the few worlds in the Sector with a population of hundreds of millions.,graphics/icons/markets/population08.png,20
Population 9,population_9,,,campaign.econ.SPP_Population,"A precious refuge for humanity in a dangerous galaxy, $market is home to billions of souls.",graphics/icons/markets/population09.png,20
Population 10,population_10,,,campaign.econ.SPP_Population,"$market is a dominant population center in the Sector, a rival to Old Earth as home to tens of billions of humans.",graphics/icons/markets/population10.png,20
,,,,,,,
Toxic Atmosphere,toxic_atmosphere,TRUE,,com.fs.starfarer.api.impl.campaign.econ.BaseHazardCondition,"The atmosphere of $market is exceptionally toxic and corrosive, abrading unprotected surfaces and requiring the hermetic sealing of any inhabited spaces.",graphics/icons/markets/atmosphere_toxic.png,27
Cloud Sea,SPP_cloudSea,TRUE,,com.fs.starfarer.api.impl.campaign.econ.BaseHazardCondition,"The incredibly dense atmosphere of $market makes land habitation impossible. A planetary port must be built to float upon the clouds, at great expense.",graphics/icons/markets/dust_storm.png,4
,,,,,,,
High Gravity,high_gravity,TRUE,,com.fs.starfarer.api.impl.campaign.econ.HighGravity,The force of gravity on the surface of $market is dangerously high. Humans require powered exoskeletons for strenuous activity and find even regular movement exhausting. Continual habitation is grueling at best. All operations take place with a heightened danger of falls and - if specialized engineering is not performed with adequete paranoia - structural collapse.,graphics/icons/markets/gravity_high.png,24
Crushing Gravity,SPP_extremeGrav,TRUE,,campaign.econ.SPP_PlanetBlockCondition,The extreme gravity of $market makes human habitation impossible. A port here must be built in orbit.,graphics/icons/markets/SPP_crushGrav.png,5
,,,,,,,
Warning Beacon,SPP_warningBeacon,,,campaign.econ.SPP_OrbitalTempBlockCondition,$market is orbited by a warning beacon.,graphics/icons/intel/beacon_high.png,131
Strong Magnetic Field,SPP_magneticField,TRUE,,campaign.econ.SPP_MagneticFieldCondition,"The powerful magnetic field of $market makes keeping anything in orbit extremely difficult. Large stations are impossible to maintain.

Ground defenses $magnetDefense",graphics/icons/markets/SPP_magneticField2.png,2
Close Moon,SPP_closeMoon,TRUE,,com.fs.starfarer.api.impl.campaign.econ.BaseMarketConditionPlugin,The innermost moon of $market controls its orbit. A lunar port can be constructed here in leiu of a station.,graphics/icons/markets/SPP_closeMoon.png,2
Tight Orbit,SPP_tightMoon,TRUE,,com.fs.starfarer.api.impl.campaign.econ.BaseMarketConditionPlugin,"The innermost moon of $market dominates its orbit, blocking the construction of large stations.

Ground Defenses built here are twice as effective.",graphics/icons/markets/SPP_tightMoon.png,1
Moon,SPP_moon,TRUE,,com.fs.starfarer.api.impl.campaign.econ.BaseMarketConditionPlugin,The complex gravity fields around $market require substantial ground-based support to maintain a station in orbit.,graphics/icons/markets/SPP_moon.png,2
Full Orbit,SPP_fourMoons,TRUE,,campaign.econ.SPP_OrbitalBlockCondition,$market has too many moons to fit a port in orbit.,graphics/icons/markets/SPP_fullOrbit.png,2
,,,,,,,
Microgravity,SPP_micrograv,TRUE,,campaign.econ.SPP_Microgravity,"Near-zero gravity makes it easy for ships to access $market. Everything else, however, is greatly complicated.",graphics/icons/markets/SPP_microgravity.png,5
Orbital Station,SPP_station,TRUE,,campaign.econ.SPP_BaseStationHazardCondition,Constructing a full-scale port on an orbital station comes with its own logistical issues.,graphics/icons/markets/orbital_station.png,1
Lunar Orbit,SPP_closeParent,TRUE,,com.fs.starfarer.api.impl.campaign.econ.BaseMarketConditionPlugin,$market controls the orbit of its parent. A lunar port can be constructed here in lieu of a station.,graphics/icons/markets/SPP_lunarOrbit.png,1
Tight Orbit,SPP_tightOrbit,TRUE,,com.fs.starfarer.api.impl.campaign.econ.BaseMarketConditionPlugin,"$market dominates the orbit of its parent, blocking the construction of large stations. However, a lunar port can be constructed here.

Ground Defenses built here are twice as effective.",graphics/icons/markets/SPP_tightMoon.png,1
Station Port,SPP_stationPort,,TRUE,campaign.econ.SPP_PortInOrbit,$station dominates the orbit of this planet.,graphics/icons/markets/orbital_station.png,131
Station Port,SPP_stationPort_hidden,,TRUE,campaign.econ.SPP_PortInOrbit,$station dominates the orbit of this planet.,graphics/icons/markets/orbital_station.png,131
,,,,,,,
Moon Siphon,SPP_moonSiphon,TRUE,,com.fs.starfarer.api.impl.campaign.econ.BaseMarketConditionPlugin,moon siphon possible here,graphics/icons/markets/orbital_station.png,120
Siphoned Tapped,SPP_siphonTap,TRUE,,campaign.econ.SPP_OrbitalTempBlockCondition,tapped by siphon,graphics/icons/markets/orbital_station.png,120
,,,,,,,
Cryovault,SPP_cryosanctum,TRUE,,campaign.econ.SPP_BaseHazardCondition,"Buried in a branching fortress-labyrinth on $market, an enormous vault houses millions of cryosleepers.",graphics/icons/markets/cryosanctum.png,2
,,,,,,,
Hive Cities,SPP_hiveCities,TRUE,,campaign.econ.SPP_HiveCities,"Vast underground arcologies delve deep into the crust of $market. Only the most powerful of bombardments could reach them.

Ground defenses $hiveDefense",graphics/icons/markets/underground_arcology.png,2
,,,,,,,
Synchrotron,SPP_fuelFactory,TRUE,,com.fs.starfarer.api.impl.campaign.econ.BaseMarketConditionPlugin,"An essential piece of Domain-tech equipment for creating fuel. A Synchrotron Core is more efficient, but much harder to come by.",graphics/icons/markets/am_fuel_facility.png,19
,,,,,,,
Ship Boneyard,SPP_boneyard,TRUE,,campaign.econ.SPP_BaseHazardCondition,Row upon row of mothballed ships await their fate at $market. Some may date to before the Collapse.,graphics/icons/markets/military_base.png,21
Ship Graveyard,SPP_graveyard,TRUE,,campaign.econ.SPP_BaseHazardCondition,"Fields of ship hulks lie in ruined majesty at $market, dumped here from all over the Sector.",graphics/icons/markets/shipbreaking.png,21
,,,,,,,
Scattered Ruins,ruins_scattered,TRUE,,campaign.econ.SPP_BaseHazardCondition,"This world was only lightly touched by the great project of the Domain before the collapse. Only scattered, broken domes remain, perchance holding lost caches of valuable materials.",graphics/icons/markets/ruins_scattered.png,100
Widespread Ruins,ruins_widespread,TRUE,,campaign.econ.SPP_BaseHazardCondition,"Widespread ruins, blips from radiation sources, and the distinctive burred radar-ping of foamed cerametal structures can be found across $market, evidence of a small but concerted colonization effort dating to the late expansion period of the Domain.",graphics/icons/markets/ruins_widespread.png,100
Extensive Ruins,ruins_extensive,TRUE,,campaign.econ.SPP_BaseHazardCondition,"Ruined cities can be found across the surface of $market, spilling from their broken hearts pitted roadways and crumbling magrail lines to the skeletons of factories, aquaponics domes, and comm-towers.",graphics/icons/markets/ruins_extensive.png,100
Vast Ruins,ruins_vast,TRUE,,campaign.econ.SPP_BaseHazardCondition,"$market is covered in vast ruins; cities, factories, mines, farms, homes. The dead are in dread abundance, entwined with salvageable materials, goods, tools, and weapons. This world is a tomb for the hubris of the Domain's project of galactic colonization and hegemony. ",graphics/icons/markets/ruins_vast.png,100
,,,,,,,
Volturnian Lobster Pens,volturnian_lobster_pens,TRUE,,campaign.econ.SPP_ResourceDepositsCondition,A mix of several Old Earth species and a little imagination produced this creature which grows wild in the crushing depths of $market's sea-floor. The flavor is said to be exceptional.,graphics/icons/markets/lobster_pens.png,137
Water-covered Surface,water_surface,TRUE,,campaign.econ.SPP_ResourceDepositsCondition,"$market is an ocean world with no substantial solid surface to land, walk, or build upon. Operations are complicated by the need for specialized training and equipment.",graphics/icons/markets/water_covered.png,31
,,,,,,,
Sparse Ore Deposits,ore_sparse,TRUE,,campaign.econ.SPP_ResourceDepositsCondition,"A few sparse ore deposits exist on $market, but they are more of academic than industrial interest for their extraction is barely economical.",graphics/icons/markets/ore_sparse.png,50
Moderate Ore Deposits,ore_moderate,TRUE,,campaign.econ.SPP_ResourceDepositsCondition,"$market contains moderate ore deposits that, under the right economic conditions, could be profitably exploited.",graphics/icons/markets/ore_moderate.png,50
Abundant Ore Deposits,ore_abundant,TRUE,,campaign.econ.SPP_ResourceDepositsCondition,"Abundant, widespread, and profitably extractable ore deposits can be found on $market.",graphics/icons/markets/ore_abundant.png,50
Rich Ore Deposits,ore_rich,TRUE,,campaign.econ.SPP_ResourceDepositsCondition,Rich mineral deposits form a thick lattice within the crust of $market just waiting for an ambitious industrialist to exploit them for fabulous profit.,graphics/icons/markets/ore_rich.png,50
Ultrarich Ore Deposits,ore_ultrarich,TRUE,,campaign.econ.SPP_ResourceDepositsCondition,Mineral wealth exists on Midas-touched $market beyond the wildest fantasies of the legendary mining megacorps of the Domain era.,graphics/icons/markets/ore_ultrarich.png,50
,,,,,,,
,,,,,,,
Sparse Rare Ore Deposits,rare_ore_sparse,TRUE,,campaign.econ.SPP_ResourceDepositsCondition,"A few sparse transplutonic ore deposits exist on $market, but they are more of academic than industrial interest for their extraction is barely economical.",graphics/icons/markets/rareore_sparse.png,60
Moderate Rare Ore Deposits,rare_ore_moderate,TRUE,,campaign.econ.SPP_ResourceDepositsCondition,"$market contains modest transplutonic deposits that, with sustained industry and investment, could be profitably tapped.",graphics/icons/markets/rareore_moderate.png,60
Abundant Rare Ore Deposits,rare_ore_abundant,TRUE,,campaign.econ.SPP_ResourceDepositsCondition,"Abundant transplutonic deposits lay within the crust of $market, enough to fuel the ambitions of any worthwhile warlord or magnate.",graphics/icons/markets/rareore_abundant.png,60
Rich Rare Ore Deposits,rare_ore_rich,TRUE,,campaign.econ.SPP_ResourceDepositsCondition,"Thick bands of transplutonics spread with glorious profusion through the crust of $market, promising great and potent power to they who would but reach out and take them.",graphics/icons/markets/rareore_rich.png,60
Ultrarich Rare Ore Deposits,rare_ore_ultrarich,TRUE,,campaign.econ.SPP_ResourceDepositsCondition,The transplutonic deposits glimmering with unbelievable density on the sensor-grid evoke portents of a power which could forge mighty war-fleets to burn worlds to ash -- or an eon of splendour and wealth for a polity of crystal towers as existed in the pre-collapse cycles of the Domain.,graphics/icons/markets/rareore_ultrarich.png,60
,,,,,,,
,,,,,,,
Trace Volatiles,volatiles_trace,TRUE,,campaign.econ.SPP_ResourceDepositsCondition,The trace volatiles found here barely warrant harvesting.,graphics/icons/markets/volatiles_trace.png,40
Diffuse Volatiles,volatiles_diffuse,TRUE,,campaign.econ.SPP_ResourceDepositsCondition,"Diffuse volatiles can be found here, and may be sufficient for industrial extraction.",graphics/icons/markets/volatiles_diffuse.png,40
Abundant Volatiles,volatiles_abundant,TRUE,,campaign.econ.SPP_ResourceDepositsCondition,Abundant volatiles may be economically extracted from $market.,graphics/icons/markets/volatiles_abundant.png,40
Plentiful Volatiles,volatiles_plentiful,TRUE,,campaign.econ.SPP_ResourceDepositsCondition,"$market is a world-sized wellspring of volatiles - rich, deep, and potent.",graphics/icons/markets/volatiles_plentiful.png,40
,,,,,,,
,,,,,,,
Trace Organics,organics_trace,TRUE,,campaign.econ.SPP_ResourceDepositsCondition,"$market is nearly barren of organics reserves, though some extraction is possible.",graphics/icons/markets/organics_trace.png,38
Common Organics,organics_common,TRUE,,campaign.econ.SPP_ResourceDepositsCondition,Economically exploitable reserves of organics can be found on $market.,graphics/icons/markets/organics_common.png,38
Abundant Organics,organics_abundant,TRUE,,campaign.econ.SPP_ResourceDepositsCondition,A river of wealth flows beneath the surface of $market - for those that would find and tap it.,graphics/icons/markets/organics_abundant.png,38
Plentiful Organics,organics_plentiful,TRUE,,campaign.econ.SPP_ResourceDepositsCondition,"Reservoirs of valuable organics burst through the surface of $market in gouts over deep, dark pools that promise oceans of wealth to be found just below.",graphics/icons/markets/organics_plentiful.png,38
,,,,,,,
,,,,,,,
Poor Farmland,farmland_poor,TRUE,,campaign.econ.SPP_ResourceDepositsCondition,Plant life grows only stunted and wearily on $market. It would require farmers with talent equal to their desperation to make these lands bear fruit.,graphics/icons/markets/farmland_poor.png,70
Adequate Farmland,farmland_adequate,TRUE,,campaign.econ.SPP_ResourceDepositsCondition,A robust terran-compatible biosphere allows agricultural cultivation to take place on $market.,graphics/icons/markets/farmland_adequate.png,70
Rich Farmland,farmland_rich,TRUE,,campaign.econ.SPP_ResourceDepositsCondition,The fields of $market promise a rich harvest to reward the farmers that work these fertile lands.,graphics/icons/markets/farmland_rich.png,70
Bountiful Farmland,farmland_bountiful,TRUE,,campaign.econ.SPP_ResourceDepositsCondition,"$market is a veritable Eden; flowering, riotous, lush, and luminous with plant life. Branches hang low, laden with fruit; fields of golden grain shimmer in the herbaceous breeze.",graphics/icons/markets/farmland_bountiful.png,70
