name,id,tags,rarity,base price,stack size,cargo space,icon,sound id,sound id drop,plugin,plugin params,desc,order
Corrupted Nanoforge,corrupted_nanoforge,nanoforge,,50000,1000,1,graphics/icons/cargo/nanoforge_corrupted.png,ui_nano_pickup,ui_corrupted_nano_drop,campaign.items.SPP_NanoforgeItemPlugin,,"A powerful and versatile manufacturing ""black box"", capable of building itself out to an industrial scale, given the necessary raw materials and human assistance.

This one has seen better days, and is incapable of reliably producing defect-free components. Nonetheless, having access to a nanoforge at all is a step up as far as starship construction goes.

Must be installed in Heavy Industry to be utilized.",100
Decayed Nanoforge,decayed_nanoforge,nanoforge,,100000,1000,1,graphics/icons/cargo/nanoforge_decayed.png,ui_nano_pickup,ui_modspec_drop,campaign.items.SPP_NanoforgeItemPlugin,,Unused.,110
Pristine Nanoforge,pristine_nanoforge,nanoforge,,500000,1000,1,graphics/icons/cargo/nanoforge_pristine.png,ui_nano_pickup,ui_pristine_nano_drop,campaign.items.SPP_NanoforgeItemPlugin,,"A powerful and versatile manufacturing ""black box"", capable of building itself out to an industrial scale, given the necessary raw materials and human assistance.

This one is good as new, at least according to its on-board diagnostics. In practice, getting defect-free starship components is still a challenge given the overall state of manufacturing in the Sector, but this nanoforge is as good as it gets.

Must be installed in Heavy Industry to be utilized.",120
