{
	"starSystemLocations":{
		#Core Worlds
		"askonia":[-15450,-13000],
		"aztlan":[-20300,-18400],
		"duzahk":[-17700,-16500],
		"magec":[-12850,-14700],
		"naraka":[-23200,-22500],
		"samarra":[-16100,-19400],
		
		#Pilgrim's Path
		"algebbar":[1100,-16300],
		"canaan":[-850,-18700], 
		"penelope":[-3800,-21000],
		
		#Telmun Molecular Cloud
		"arcadia":[-21800,-8000],
		"thule":[-18500,-6600],
		"valhalla":[-21900,-12300],
		"zagan":[-19300,-10600],
		
		#Cathedral Nebula
		"corvus":[-8300,-14400],
		"eos":[-4300,-12600],
		"galatia":[-8800,-18250],
		"isirah":[-7350,-10950],
		"westernesse":[-2300,-10000],
		
		#Atlantian Cloud
		"coralNebula":[-4500,1000],
		"hybrasil":[0,0],
		"itos":[2700,2000],
		"serpentis":[3200,-2000],
		
		#League Worlds
		"kumarikandam":[-8800,-6000],
		"mayasura":[-5750,-5300],
		"tia":[-12400,-1600],
		"tyle":[-15000,-3200],
		"yma":[-12200,-4350],
	}
}






