{
	"starSystem":"algebbar",
	"markets":[
		{
			"entities":["epithany"],
			"faction":"luddic_church",
			"size":4,
			"startingConditions":[
				#"cottage_industry",
				#"luddic_majority",
				"population_3",
				"no_atmosphere",
				"low_gravity",
				"ore_sparse",
				"volatiles_trace",
				"cold",
			],
			"industries":[
				"population",
				"spaceport",
				"SPP_frontCompany",
				"heavybatteries",
				#"militarybase",
				"SPP_militantCamp",
				"SPP_hydroponics",
				#"patrolhq",
			],
		},
	],
}



