{
	"starSystem":"arcadia",
	"markets":[
		{
			"entities":["nomios"],
			"faction":"independent",
			"size":3,
			"startingConditions":[
				"population_1",
				"thin_atmosphere",
				"cold",
				"volatiles_trace",
				"SPP_cryosanctum",
				#"organics_trace",
			],
			"industries":[
				"population",
				"spaceport",
				"cryosanctum",
				"heavybatteries",
			],
		},
		{
			"entities":["arcadia_station"],
			"faction":"hegemony",
			"size":6,
			"startingConditions":[
				"volatiles_abundant",
				"population_3",
				"SPP_micrograv",
				"SPP_station",
			],
			"industries":[
				"population",
				"spaceport",
				"militarybase",
				#"heavybatteries",
				"battlestation",
				"SPP_mercenaryBase",
				"lightindustry",
				"SPP_siphonPlatform",
			],
		},
		{
			"entities":["agreus"],
			"faction":"koCombine",
			"size":6,
			"startingConditions":[
				#"shipbreaking_center",
				#"ruins_extensive",
				"population_3",
				"ore_sparse",
				"SPP_graveyard",
				#"volatiles_trace",
				"cold",
				"no_atmosphere",
				"SPP_moon",
			],
			"industries":[
				"population",
				"spaceport",
				"heavybatteries",
				"heavyindustry",
				"SPP_corporateHQ",
				"SPP_shipbreakers",
			],
		},
	],


}



