{
	"starSystem":"askonia",
	"markets":[
		{
			"entities":["sindria", "diktat_cnc"],
			"faction":"sindrian_diktat",
			"size":10,
			"startingConditions":[
				"ruins_extensive", #mined
				#"large_refugee_population", #absorbed
				"population_7",
				"ore_rich",
				"rare_ore_sparse",
				"very_hot",
				"no_atmosphere",
				"SPP_hiveCities",
				"SPP_fuelFactory",
			],
			"industries":[
				"population",
				"spaceport",
				"SPP_heavyIndustry",
				#["heavyindustry", "corrupted_nanoforge"],
				"heavyindustry",
				["fuelprod", "synchrotron"],
				"heavybatteries",
				"lightindustry",
				#"militarybase",
				"lionsguard",
				"battlestation",
			],
		},
		{
			"entities":["volturn"],
			"faction":"sindrian_diktat",
			"size":5,
			"startingConditions":[
				"volturnian_lobster_pens",
				#"large_refugee_population", #absorbed
				"population_7",
				"organics_abundant",
				"water_surface",
				"habitable",
				"SPP_moon",
			],
			"industries":[
				"population",
				"spaceport",
				"lightindustry",
				"grounddefenses",
				"orbitalstation_mid",
				"SPP_frontCompany",
				"commerce",

			],
		},
		{
			"entities":["cruor"],
			"faction":"sindrian_diktat",
			"size":3,
			"parent":"sindria",
			"startingConditions":[
				#"dissident",
				#"vice_demand",
				#"frontier",
				"population_3",
				"thin_atmosphere",
				"extreme_tectonic_activity",
				"ore_rich",
				"rare_ore_abundant",
				#"ore_ultrarich",
				#"rare_ore_ultrarich",
				"SPP_moon",
				#"SPP_tightOrbit",
			],
			"industries":[
				"population",
				"spaceport",
				"grounddefenses",
				"SPP_crawlers",
				"refining",
			],
		},
		{
			"entities":["nortia"],
			"faction":"independent",
			"size":4,
			"freePort":true,
			"startingConditions":[
				#"organized_crime",
				#"military_base",
				"population_4",
				"no_atmosphere",
				"cold",
				"low_gravity",
				"ore_moderate",
				"rare_ore_sparse",
			],
			"industries":[
				"population",
				"spaceport",
				"heavyindustry",
				"heavybatteries",
				"militarybase",
			],
		},
		{
			"entities":["umbra"],
			"faction":"dynasty",
			"size":3,
			"freePort":true,
			"startingConditions":[
				#"military_base",
				#"headquarters",
				#"volatiles_complex",
				#"large_refugee_population",
				#"ore_complex",
				#"dissident",
				"population_4",
				"thin_atmosphere",
				"cold",
				"poor_light",
				"ore_sparse",
				"volatiles_diffuse",
			],
			"industries":[
				"population",
				"spaceport",
				"heavybatteries",
				"SPP_raiderBase",
			],
		},		
	],


}