{
	"starSystem":"aztlan",
	"markets":[
		{
			"entities":["chicomoztoc", "aztlan_starport"],
			"faction":"hegemony",
			"size":10,
			"startingConditions":[
				#"large_refugee_population", #absorbed
				#"ruins_extensive", #absorbed
				"population_8",
				"habitable", # From some kind of generator???
				"thin_atmosphere",
				"ore_moderate",
				#"rare_ore_sparse",
				#"rare_ore_rich",
				"pollution",
				"SPP_hiveCities",
			],
			"industries":[
				"population",
				"spaceport",
				"SPP_heavyIndustry",
				["heavyindustry", "pristine_nanoforge"],
				"lightindustry",
				"commerce",
				"starfortress",
				"heavybatteries",
				#"patrolhq",
				"refining",
			],
			"specialItems":[
				"pristine_nanoforge",
			],
		},
		{
			"entities":["coatl", "coatl_station"],
			"faction":"hegemony",
			"size":6,
			"startingConditions":[
				"no_atmosphere",
				"population_3",
				"SPP_moon",
			],
			"industries":[
				"population",
				"spaceport",
				"heavybatteries",
				"militarybase",
				"SPP_mercenaryBase",
				"SPP_frontCompany",
				"battlestation",
			],
		},
	],

}



