{
	"starSystem":"canaan",
	"markets":[
		{
			"entities":["gilead", "og"],
			"faction":"luddic_church",
			"size":6,
			"startingConditions":[
				#"terran",
				#"organics_complex",
				#"ore_complex",
				#"cottage_industry",
				#"luddic_majority",
				"population_9",
				#"regional_capital",
				"habitable",
				"mild_climate",
				"ore_sparse",
				"farmland_rich",
				"organics_common",
				"ruins_widespread", #not mined
				"SPP_tightMoon",
				#"SPP_closeMoon",
			],
			"industries":[
				"population",
				"spaceport",
				"grounddefenses",
				#"patrolhq",
				"starfortress",
				"commerce",
				#"lightindustry",
				"SPP_militantCamp",
				"SPP_colonyProgram",
			],
		},
		{
			"entities":["asher"],
			"faction":"luddic_church",
			"size":7,
			"startingConditions":[
				#"outpost",
				#"ore_complex",
				"population_4",
				#"rare_ore_moderate",
				#"ore_abundant",
				"thin_atmosphere",
				"extreme_weather",
				"SPP_moon",
			],
			"industries":[
				"population",
				"spaceport",
				"grounddefenses",
				"refining",
				"SPP_heavyIndustry",
				"lightindustry",
				#["heavyindustry", "corrupted_nanoforge"],
				"SPP_militantCamp",
			],
		},
	],
	
}



