{
	"starSystem":"corvus",
	"markets":[
		{
			"entities":["asharu"],
			"faction":"independent",
			"size":1,
			"startingConditions":[
				#"frontier",
				#"desert",
				#"hydroponics_complex",
				"population_3",
				"hot",
				"ore_moderate",
				"farmland_poor",
				"ruins_scattered",
				"habitable",
				#"population",
			],
			"industries":[
				"population",
				"spaceport",
				"SPP_mercenaryBase",
			],
		},
		{
			"entities":["jangala", "corvus_hegemony_station"],
			"faction":"hegemony",
			"size":6,
			#"submarkets":["open_market", "black_market"],
			#"tariff":0.5,
			"startingConditions":[
				"habitable",
				#"urbanized_polity",
				#"regional_capital",
				#"orbital_station",
				#"military_base",
				#"orbital_burns",
				#"luddic_majority",
				#"organics_complex",
				#"jungle",
				"population_5",
				"inimical_biosphere",
				"organics_plentiful",
				"farmland_adequate",
				"extreme_weather",
			],
			"industries":[
				"population",
				"spaceport",
				"commerce",
				"heavybatteries",
				["heavyindustry", "corrupted_nanoforge"],
				"starfortress_mid",
				"SPP_militantCamp",
			],
		},
		{
			"entities":["corvus_IIIa", "corvus_pirate_station"], # Garnir
			"faction":"dynasty",
			"size":3,
			"freePort":true,
			"startingConditions":[
				#"volatiles_complex",
				#"vice_demand",
				"population_4",
				"no_atmosphere",
				#"volatiles_diffuse",
				"volatiles_plentiful",
				"cold",
				#"SPP_closeParent",
				"SPP_moon",
			],
			"industries":[
				"population",
				"spaceport",
				"SPP_siphonPlatform",
				"grounddefenses",
				#"orbitalstation",
				"SPP_frontCompany",
			],
		},
	],

}



