{
	"starSystem":"eos",
	"markets":[
		{
			"entities":["tartessus"],
			"faction":"luddic_church",
			"size":6,
			"startingConditions":[
				#"rural_polity",
				#"luddic_majority",
				#"cottage_industry",
				#"arid",
				"population_7",
				"habitable",
				#"ore_sparse",
				"organics_trace",
				"farmland_adequate",
				#"autofac_heavy_industry",
			],
			"industries":[
				"population",
				"spaceport",
				#"lightindustry",
				"heavybatteries",
				"orbitalstation",
				#"SPP_colonyProgram",
				"SPP_militantCamp",
				"commerce",
				"SPP_frontCompany",
			],
		},
		{
			"entities":["baetis"],
			"faction":"independent",
			"size":4,
			"startingConditions":[
				#"dissident",
				#"hydroponics_complex",
				#"population",
				#"military_base",
				"population_3",
				"volatiles_plentiful",
				"low_gravity",
				"thin_atmosphere",
			],
			"industries":[
				"population",
				"spaceport",
				"heavybatteries",
				#"militarybase",
				"commerce",
				"SPP_mercenaryBase",
			],
		},
		{
			"entities":["hesperus","ceyx"],
			"faction":"luddic_church",
			"size":6,
			"startingConditions":[
				#"cottage_industry",
				#"luddic_majority",
				#"ore_complex",
				#"organics_complex",
				#"ice",
				"population_4",
				"organics_trace",
				#"rare_ore_moderate",
				"ore_sparse",
				"thin_atmosphere",
				"cold",
				#"SPP_boneyard",
				#"military_base",
				#"SPP_closeMoon",
				"SPP_tightMoon",
			],
			"industries":[
				"population",
				"spaceport",
				#"lightindustry",
				#"grounddefenses",
				"heavybatteries",
				"militarybase",
				"battlestation",
				"SPP_militantCamp",
				#"SPP_boneyard",
				["heavyindustry", "corrupted_nanoforge"],
				#["SPP_boneyard", "corrupted_nanoforge"],
				"SPP_hydroponics",
			],
		},
#		{
#			"entities":["ceyx"],
#			"faction":"luddic_church",
#			"size":4,
#			"startingConditions":[
#				"headquarters",
#				"luddic_majority",
#				"military_base",
#				"population_4",
#				"no_atmosphere",
#				"low_gravity",
#				"volatiles_trace",
#			],
#		},		
	],


}



