{
	"starSystem":"hybrasil",
	"markets":[	
		{
			"entities":["culann","culann_starforge"],
			"faction":"tritachyon",
			"size":9,
			"startingConditions":[
				"population_5",
				#"hydroponics_complex",
				"ore_rich",
				"rare_ore_moderate",
				"ruins_widespread",
				#"autofac_heavy_industry",
				"no_atmosphere",
				"very_hot",
			],
			"industries":[
				"population",
				"spaceport",
				#"mining",
				"SPP_heavyIndustry",
				["heavyindustry", "pristine_nanoforge"],
				"heavybatteries",
				"refining",
				"lightindustry",
				"battlestation_high",
				"SPP_strategicModeler",
			],			
		},
		{
			"entities":["eochu_bres"],
			"faction":"tritachyon",
			"size":7,
			"freePort":true,
			"startingConditions":[
				"tundra",
				#"urbanized_polity",
				#"headquarters",
				#"hydroponics_complex",
				"population_6",
				#"regional_capital",
				#"cold",
				"habitable",
				"farmland_poor",
				"organics_trace",
				"volatiles_diffuse",
				"SPP_moon",
			],
			"industries":[
				"population",
				"spaceport",
				"grounddefenses",
				#"patrolhq",
				#["fuelprod"],
				"commerce",
				"SPP_frontCompany",
				"SPP_corporateHQ",
				"SPP_raiderBase",
				"starfortress_high",
			],
		},
#		{
#			"entities":["ogma", "hybrasil_station"],
#			"faction":"tritachyon",
#			"size":5,
#			"startingConditions":[
#				"military_base",
#				"outpost",
#				"ore_complex",
#				"hydroponics_complex",
#				"population_5",
#				"ore_rich",
#				"rare_ore_sparse",
#				#"autofac_heavy_industry",
#				"no_atmosphere",
#			],
#		},		
#		{
#			"entities":["crom_cruach"],
#			"faction":"independent",
#			"size":4,
#			"startingConditions":[
#				"ore_complex",
#				"frontier",
#				"outpost",
#				"population_4",
#				"ore_moderate",
#				"rare_ore_moderate",
#				"thin_atmosphere",
#			],
#		},		
		{
			"entities":["cethlenn"],
			"faction":"independent",
			"size":3,
			"startingConditions":[
				"population_3",
				#"hydroponics_complex",
				#"frontier",
				#"ice",
				"ruins_scattered",
				"organics_common",
				"cold",
				"SPP_moon",
			],
			"industries":[
				"population",
				"spaceport",
				"commerce",
			],
		},
		{
			"entities":["donn"],
			"faction":"daredevils",
			"size":3,
			"freePort":true,
			"startingConditions":[
				"population_4",
				"volatiles_abundant",
				"rare_ore_abundant",
				"poor_light",
				"low_gravity",
				"no_atmosphere",
				"very_cold",
			],
			"industries":[
				"population",
				"spaceport",
				"SPP_mercenaryBase",
			],
		},
	],


}



