{
	"starSystem":"isirah",
	"markets":[
		{
			"entities":["laicaille_habitat"],
			"faction":"persean",
			"size":4,
			"startingConditions":[
				"population_3",
				#"vice_demand",
				"ore_moderate",
				"SPP_micrograv",
				"SPP_station",
			],
			"industries":[
				"population",
				"spaceport",
				"orbitalstation",
				#"heavybatteries",
				["heavyindustry", "corrupted_nanoforge"],
				"SPP_conspicuousConsumptionism",
			],
		},
#		{
#			"entities":["groombridge_habitat"],
#			"faction":"independent",
#			"size":4,
#			"startingConditions":[
#				"population_4",
#				"orbital_station",
#				"organics_complex",
#				"trade_center",
#				"free_market",
#				"light_industrial_complex",
#			],
#		},
		{
			"entities":["station_kapteyn"],
			"faction":"daredevils",
			"size":4,
			"freePort":true,
			"startingConditions":[
				#"organized_crime",
				"population_3",
				"SPP_micrograv",
				"SPP_station",
			],
			"industries":[
				"population",
				"spaceport",
				"battlestation",
				["heavyindustry", "corrupted_nanoforge"],
				"commerce",
				#"heavybatteries",
			],
		},
	]
}



