{
	"starSystem":"kumarikandam",
	"markets":[
		{
			"entities":["chalcedon"],
			"faction":"luddic_church",
			"size":5,
			"startingConditions":[
				#"terran",
				#"alien_life",
				#"luddic_majority",
				"population_5",
				"habitable",
				"extreme_weather",
				#"tectonic_activity",
				"rare_ore_moderate",
				"organics_trace",
				"farmland_poor",
				"ruins_scattered",
				#"rural_polity",
			],
			"industries":[
				"population",
				"spaceport",
				"SPP_frontCompany",
				"heavybatteries",
				#"patrolhq",
				"SPP_militantCamp",
				"SPP_raiderBase",
			],
		},
		{
			"entities":["olinadu"],
			"faction":"persean",
			"size":3,
			"startingConditions":[
				#"cryovolcanic",
				"population_2",
				#"frontier",
				"cold",
				"thin_atmosphere",
				"volatiles_abundant",
				"organics_trace",
			],
			"industries":[
				"population",
				"spaceport",
				"grounddefenses",
				"commerce",
				"SPP_siphonPlatform",
			],
		},
		{
			"entities":["kanni"],
			"faction":"dynasty",
			"size":3,
			"startingConditions":[
				#"organized_crime",
				"population_2",
				#"frontier",
				"cold",
				"no_atmosphere",
				"poor_light",
				"ore_moderate",
				"rare_ore_moderate",
			],
			"industries":[
				"population",
				"spaceport",
				"SPP_frontCompany",
			],
		},
		{
			"entities":["beholder_station"],
			"faction":"luddic_church",
			"size":3,
			"startingConditions":[
				"SPP_micrograv",
				"SPP_station",
				"ore_sparse",
				"population_1",
			],
			"industries":[
				"population",
				"spaceport",
				"grounddefenses",
			],
		},
	]
}



