{
	"starSystem":"magec",
	"markets":[
		{
			"entities":["new_maxios"],
			"faction":"independent",
			"size":5,
			"startingConditions":[
				#"hydroponics_complex",
				#"large_refugee_population",
				"population_5",
				"ore_moderate",
				"SPP_micrograv",
				"SPP_station",
			],
			"industries":[
				"population",
				"spaceport",
				#"lightindustry",
				"orbitalstation",
				#"grounddefenses",
				"lightindustry",
				"refining",
				["heavyindustry", "corrupted_nanoforge"],
			],
		},
		{
			"entities":["kantas_den"],
			"faction":"dynasty",
			"size":4,
			"startingConditions":[
				#"organized_crime",
				#"stealth_minefields",
				#"ore_moderate",
				"population_2",
				"SPP_micrograv",
				"SPP_station",
			],
			"industries":[
				"population",
				"spaceport",
				#"mining",
				#"heavybatteries",
				"battlestation",
				"SPP_frontCompany",
				"SPP_raiderFortress",
			],
		},
		{
			"entities":["tibicena", "achaman_enterprise_station"],
			"faction":"tritachyon",
			"size":5,
			"freePort":true,
			"startingConditions":[
				"population_4",
				"tectonic_activity",
				"no_atmosphere",
				"high_gravity",
				"ore_rich",
				"rare_ore_rich",
			],
			"industries":[
				"population",
				"spaceport",
				"grounddefenses",
				#"patrolhq",
				"orbitalstation",
				"SPP_mercenaryBase",
				"SPP_frontCompany",
				"commerce",
			],
		},		
	],


}



