{
	"starSystem":"mayasura",
	"markets":[
		{
			"entities":["mairaath"],
			"faction":"persean",
			"size":4,
			"startingConditions":[
				"habitable",
				"population_7",
				"extreme_weather",
				"hot",
				"ruins_vast",
				"rare_ore_sparse",
				#"farmland_poor",
				#"rural_polity",
			],
			"industries":[
				"population",
				"spaceport",
				"lightindustry",
				"commerce",
			],
		},
		{
			"entities":["mairaath_abandoned_station2"],
			"faction":"daredevils",
			"size":3,
			"freePort":true,
			"startingConditions":[
				#"organized_crime",
				#"large_refugee_population", #absorbed
				"population_4",
				"SPP_micrograv",
				"SPP_station",
			],
			"industries":[
				"population",
				"spaceport",
				"orbitalstation",
				"SPP_raiderBase",
			],
		},
		{
			"entities":["port_tse"],
			"faction":"tritachyon",
			"size":4,
			"freePort":true,
			"startingConditions":[
				"SPP_micrograv",
				"SPP_station",
				"population_3",
			],
			"industries":[
				"population",
				"spaceport",
				"grounddefenses",
				#"commerce",
				"SPP_frontCompany",
				"SPP_mercenaryBase",
				"orbitalstation",
			],
		},	
	],
	
}



