{
	"starSystem":"naraka",
	"markets":[
		{
			"entities":["yama", "yami"],
			"faction":"hegemony",
			"size":7,
			"startingConditions":[
				#"ruins_widespread",
				"population_7",
				"farmland_poor",
				"ore_sparse",
				"habitable",
				#"SPP_closeMoon",
				#"SPP_tightMoon",
			],
			"industries":[
				"population",
				"spaceport",
				"SPP_heavyIndustry",
				"lightindustry",
				"grounddefenses",
				"orbitalstation",
				"refining",
				"commerce",
			],
		},
		{
			"entities":["nachiketa"],
			"faction":"hegemony",
			"size":5,
			"startingConditions":[
				"population_3",
				"no_atmosphere",
				"ore_sparse",
				"SPP_fuelFactory",
			],
			"industries":[
				"population",
				"spaceport",
				["fuelprod", "synchrotron"],
				"heavybatteries",
				"SPP_mercenaryBase",
				"commerce",
				"battlestation_mid",
			],
		},
	],
	
}



