{
	"starSystem":"samarra",
	"markets":[
		{
			"entities":["tigra_city"],
			"faction":"hegemony",
			"size":3,
			"startingConditions":[
				#"hydroponics_complex",
				#"dissident",
				#"orbital_station",
				#"ore_sparse",
				#"ruins_scattered", #absorbed
				"population_4",
				"SPP_micrograv",
				"SPP_station",
			],
			"industries":[
				"population",
				"spaceport",
				"orbitalstation",
				"SPP_frontCompany",
				"SPP_hydroponics",
			],
		},
		{
			"entities":["eventide"],
			"faction":"hegemony",
			"size":8,
			"startingConditions":[
				#"twilight",
				#"population",
				#"light_industrial_complex",
				#"rural_polity",
				#"volatiles_complex",
				#"ruins_extensive", #absorbed
				"population_8",
				"habitable",
				"farmland_adequate",
				"organics_trace",
				"ore_abundant",
				"rare_ore_sparse",
				#"volatiles_abundant",
				#"regional_capital",
			],
			"industries":[
				"population",
				"spaceport",
				"lightindustry",
				"heavybatteries",
				#"patrolhq",
				"SPP_conspicuousConsumptionism",
				"commerce",
				"SPP_frontCompany",
			],
		},
		{
			"entities":["orthrus"],
			"faction":"blackCompany",
			"size":3,
			"startingConditions":[
				"population_3",
				"volatiles_diffuse",
				"ore_sparse",
				"thin_atmosphere",
				"cold",
				"SPP_moon",
			],
			"industries":[
				"population",
				"spaceport",
				"grounddefenses",
				"SPP_corporateHQ",
				"SPP_crawlers",
			],
		},
		{
			"entities":["sphinx"],
			"faction":"hegemony",
			"size":6,
			"startingConditions":[
				#"ore_complex",
				#"population",
				"population_2",
				"low_gravity",
				"no_atmosphere",
				"cold",
				"SPP_moon",
				"SPP_fuelFactory",
			],
			"industries":[
				"population",
				"spaceport",
				"fuelprod",
				"heavybatteries",
				"militarybase",
				"SPP_mercenaryBase",
			],
		},
	],


}



