{
	"starSystem":"thule",
	"markets":[
		{
			"entities":["kazeron", "draugr"],
			"faction":"persean",
			"size":9,
			"startingConditions":[
				"very_hot",
				"population_7",
				#"ruins_extensive", #empty
				#"urbanized_polity",
				#"regional_capital",
				"ore_moderate",
				"rare_ore_abundant",
				#"SPP_closeMoon",
				#"SPP_tightMoon",
			],
			"industries":[
				"population",
				"spaceport",
				"SPP_heavyIndustry",
				["heavyindustry", "pristine_nanoforge"],
				"heavybatteries",
				#"militarybase",
				"SPP_academy",
				"lightindustry",
				"refining",
				#"starfortress_mid", # Tight Moon blocks it
			],
		},
		{
			"entities":["eldfell"],
			"faction":"independent",
			"size":3,
			"startingConditions":[
				"no_atmosphere",
				#"hydroponics_complex",
				"ore_rich",
				"population_3",
			],
			"industries":[
				"population",
				"spaceport",
				"SPP_frontCompany",
			],
		},
		{
			"entities":["thule_pirate_station"],
			"faction":"dynasty",
			"size":4,
			"freePort":true,
			"startingConditions":[
				"volatiles_diffuse",
				#"vice_demand",
				"population_3",
				"cold",
				"SPP_micrograv",
				"SPP_station",
			],
			"industries":[
				"population",
				"spaceport",
				"SPP_siphonPlatform",
				"orbitalstation",
				#"heavybatteries",
				#"patrolhq",
				"SPP_raiderBase",
				"SPP_frontCompany",
			],
		},
	],


}



