{
	"starSystem":"tyle",
	"markets":[
		{
			"entities":["cibola", "dorado"],
			"faction":"persean",
			"size":3,
			"startingConditions":[
				"population_5",
				#"farmland_poor",
				"habitable",
				"rare_ore_sparse",
				"ore_sparse",
				"organics_trace",
				#"SPP_closeMoon",
			],
			"industries":[
				"population",
				"spaceport",
				"commerce",
				"grounddefenses",
				"orbitalstation_mid",
				"SPP_hydroponics",
			],
		},
		{
			"entities":["madeira"],
			"faction":"persean",
			"size":7,
			"startingConditions":[
				#"tundra",
				"population_6",
				#"farmland_poor",
				"habitable",
				"volatiles_diffuse",
				#"regional_capital",
				#"SPP_closeParent",
				"SPP_moon",
				"SPP_fuelFactory",
			],
			"industries":[
				"population",
				"spaceport",
				"heavybatteries",
				"SPP_corporateHQ",
				#["fuelprod", "synchrotron"],
				"fuelprod",
				"commerce",
				"battlestation",
				"SPP_frontCompany",
			],
		},
	],


}



