{
	"starSystem":"valhalla",
	"markets":[
#		{
#			"entities":["ratatosk"],
#			"faction":"hegemony",
#			"size":5,
#			"startingConditions":[
#				"frontier",
#				"organized_crime",
#				"vice_demand",
#				"autofac_heavy_industry",
#				"hydroponics_complex",
#				"ore_SPP_heavyIndustry_complex",
#				"population_5",
#				"ruins_scattered",
#				"no_atmosphere",
#				"ore_sparse",
#			],
#		},
		{
			"entities":["raesvelg"],
			"faction":"hegemony",
			"size":6,
			"startingConditions":[
				"thin_atmosphere",
				"very_cold",
				"population_5",
				"volatiles_abundant",
				#"frontier",
				#"vice_demand",
				"ruins_extensive", #mined
			],
			"industries":[
				"population",
				"spaceport",
				"SPP_heavyIndustry",
				"refining",
				"heavybatteries",
				"commerce",
				#"waystation",
				#"orbitaldepot",
			],
		},
		{
			"entities":["skathi","mimir_platform"],
			"faction":"tritachyon",
			"size":4,
			"startingConditions":[
				"population_3",
				"volatiles_abundant",
				"very_cold",
				#"SPP_closeParent",
				"SPP_moonSiphon",
			],
			"industries":[
				"population",
				"spaceport",
				"SPP_mimirSiphon",
				"SPP_mercenaryBase",
				"commerce",
				"grounddefenses",
				#"patrolhq",
				"orbitalstation",
			],
		},
		{
			"entities":["ragnar_complex"],
			"faction":"hegemony",
			"size":4,
			"startingConditions":[
				"population_1",
				"SPP_boneyard",
				"SPP_micrograv",
				"SPP_station",
				#"stealth_minefields",
			],
			"industries":[
				"population",
				"spaceport",
				#"grounddefenses",
				"militarybase",
				"battlestation",
				"SPP_boneyard",
			],
		},
	],


}



