{
	"starSystem":"westernesse",
	"markets":[
		{
			"entities":["athulf"],
			"faction":"persean",
			"size":4,
			"startingConditions":[
				#"frontier",
				"hot",
				"ore_rich",
				"rare_ore_rich",
				"population_3",
				"no_atmosphere",
				"SPP_moon",
				#"SPP_tightOrbit",
			],
			"industries":[
				"population",
				"spaceport",
				"SPP_crawlers",
				"refining",
				"SPP_heavyIndustry",
			],
		},
		{
			"entities":["fikenhild"],
			"faction":"persean",
			"size":7,
			"startingConditions":[
				"habitable",
				#"water",
				#"urbanized_polity",
				#"ruins_widespread", #absorbed
				"hot",
				"water_surface",
				"population_6",
				"SPP_moon",
			],
			"industries":[
				"population",
				"spaceport",
				"grounddefenses",
				#"patrolhq",
				"SPP_frontCompany",
				"orbitalstation_mid",
				"commerce",
				"heavyindustry",
				"SPP_conspicuousConsumptionism",
			],
		},
		{
			"entities":["suddene"],
			"faction":"persean",
			"size":4,
			"startingConditions":[
				"habitable",
				"barren_marginal",
				#"frontier",
				#"ruins_scattered", #absorbed
				"population_4",
				"thin_atmosphere",
			],
			"industries":[
				"population",
				"spaceport",
				#"SPP_heavyIndustry",
				"SPP_raiderBase",
				"grounddefenses",
				"lightindustry",
			],
		},
		{
			"entities":["ailmar", "rymenhild"],
			"faction":"independent",
			"size":5,
			"startingConditions":[
				"habitable",
				#"tundra",
				"volatiles_diffuse",
				"ore_sparse",
				"farmland_poor",
				#"dissident",
				"cold",
				"population_6",
				#"SPP_closeMoon",
				"SPP_tightMoon",
				#"SPP_fuelFactory",
			],
			"industries":[
				"population",
				"spaceport",
				"lightindustry",
				"heavybatteries",
				#"patrolhq",
				"SPP_heavyIndustry",
				["fuelprod", "synchrotron"],
			],
		},
	],


}



