{
	"starSystem":"yma",
	"markets":[
		{
			"entities":["qaras"],
			"faction":"daredevils",
			"size":5,
			"freePort":true,
			"startingConditions":[
				#"tundra",
				#"hydroponics_complex",
				"population_4",
				"habitable",
				"volatiles_diffuse",
				"organics_common",
				"farmland_poor",
			],
			"industries":[
				"population",
				"spaceport",
				"heavybatteries",
				"SPP_raiderFortress",
				"SPP_frontCompany",
				"SPP_heavyIndustry",
			],
		},
		{
			"entities":["salamanca"],
			"faction":"persean",
			"size":4,
			"startingConditions":[
				"dense_atmosphere",
				"organics_plentiful",
				"population_3",
				"cold",
				"extreme_weather",
				#"organized_crime",
				"SPP_moon",
			],
			"industries":[
				"population",
				"spaceport",
				"grounddefenses",
				#"patrolhq",
				"SPP_mercenaryBase",
				"SPP_frontCompany",
			],
		},
	],


}



