{
	"starSystem":"zagan",
	"markets":[
		{
			"entities":["mazalot", "tiferet"],
			"faction":"persean",
			"size":7,
			"startingConditions":[
				"habitable",
				#"arid",
				"hot",
				#"frontier",
				"population_8",
				#"luddic_majority",
				#"hydroponics_complex",
				#"ruins_extensive", #absorbed
				#"magnetic_field", #? blocks orbital stations
				"farmland_poor",
				"organics_abundant",
				#"SPP_closeMoon",
				"SPP_tightMoon",
			],
			"industries":[
				"population",
				"spaceport",
				"commerce",
				"heavybatteries",
				"militarybase",
				"SPP_militantCamp",
				"SPP_frontCompany",
			],
		},
		{
			"entities":["ilm"],
			"faction":"independent",
			"size":5,
			"startingConditions":[
				"volatiles_plentiful",
				#"dissident",
				"cold",
				"thin_atmosphere",
				"tectonic_activity",
				"population_3",
				#"vice_demand",
				"SPP_moon",
			],
			"industries":[
				"population",
				"spaceport",
				"SPP_heavyIndustry",
				"grounddefenses",
				"SPP_frontCompany",
				"commerce",
			],
		},
		{
			"entities":["yesod"],
			"faction":"persean",
			"size":5,
			"freePort":true,
			"startingConditions":[
				#"headquarters",
				"low_gravity",
				"cold",
				"population_3",
				"SPP_fuelFactory",
			],
			"industries":[
				"population",
				"spaceport",
				"fuelprod",
				"commerce",
				"heavybatteries",
				"orbitalstation_high",
				"SPP_mercenaryBase",
			],
		},
	],


}



